user_id,username,ip_address,login_time,status,country
47,linda,171.138.147.15,2025-03-04 12:20:00,Success,Denmark
47,fatima,50.156.209.228,2025-03-01 23:45:00,Failed,Denmark
16,alex,30.168.102.125,2025-03-05 09:28:00,Failed,Italy
42,michael,212.96.49.171,2025-03-04 01:56:00,Failed,Portugal
25,ahmed,55.167.121.41,2025-03-07 01:01:00,Success,Nigeria
23,ahmed,113.172.56.170,2025-03-05 17:24:00,Success,Mexico
31,ahmed,102.76.43.164,2025-03-01 20:01:00,Success,Denmark
40,fatima,49.5.192.167,2025-03-05 21:08:00,Success,India
6,sarah,38.80.19.84,2025-03-06 06:00:00,Success,Vietnam
35,john,208.189.149.133,2025-03-01 16:34:00,Success,Argentina
43,sarah,184.57.128.192,2025-03-01 08:53:00,Failed,Nigeria
25,john,192.120.240.169,2025-03-01 15:02:00,Failed,Singapore
6,david,234.193.148.214,2025-03-02 06:04:00,Failed,Greece
3,admin,66.25.180.72,2025-03-07 18:20:00,Failed,Singapore
35,linda,100.61.34.205,2025-03-06 12:58:00,Failed,Sweden
24,ahmed,214.49.239.111,2025-03-05 10:22:00,Success,Argentina
37,sarah,89.132.108.107,2025-03-02 23:47:00,Success,Ukraine
12,sarah,84.162.75.208,2025-03-07 07:15:00,Success,Peru
6,admin,157.127.65.115,2025-03-06 13:33:00,Failed,Spain
50,john,32.41.228.199,2025-03-07 08:32:00,Failed,Saudi Arabia
42,linda,189.126.155.208,2025-03-01 18:07:00,Failed,Norway
17,linda,130.206.87.66,2025-03-03 20:11:00,Failed,Colombia
25,mary,96.118.106.252,2025-03-01 20:19:00,Failed,Saudi Arabia
28,alex,145.246.78.180,2025-03-05 12:23:00,Success,Denmark
38,michael,225.133.36.86,2025-03-02 13:40:00,Success,Chile
45,admin,12.195.19.179,2025-03-05 23:13:00,Success,Egypt
29,ahmed,42.84.157.6,2025-03-08 06:34:00,Success,New Zealand
3,michael,214.188.73.232,2025-03-02 17:14:00,Failed,Chile
14,michael,247.169.249.245,2025-03-06 18:19:00,Success,Italy
34,ahmed,102.52.54.46,2025-03-02 07:41:00,Success,Canada
5,admin,110.67.17.179,2025-03-04 18:10:00,Success,South Africa
9,admin,133.250.231.162,2025-03-03 05:15:00,Success,Nigeria
46,fatima,168.167.86.51,2025-03-05 02:50:00,Success,France
35,john,122.108.250.177,2025-03-02 22:07:00,Failed,Chile
20,ahmed,27.2.87.193,2025-03-03 18:53:00,Failed,Nigeria
39,mary,125.213.50.20,2025-03-03 07:02:00,Success,Romania
12,john,182.62.178.230,2025-03-07 02:14:00,Success,Portugal
19,linda,68.182.98.181,2025-03-02 00:06:00,Failed,France
13,mary,190.185.50.81,2025-03-08 03:46:00,Failed,Thailand
13,david,26.89.159.4,2025-03-01 23:21:00,Success,Argentina
33,sarah,127.194.150.215,2025-03-07 18:53:00,Failed,Saudi Arabia
5,michael,71.134.199.207,2025-03-05 22:32:00,Failed,New Zealand
46,fatima,103.110.109.71,2025-03-02 04:01:00,Failed,United States
21,david,32.145.133.219,2025-03-02 03:23:00,Success,France
7,fatima,82.142.67.65,2025-03-05 20:22:00,Success,Nigeria
46,linda,1.56.205.108,2025-03-05 01:19:00,Failed,United States
48,mary,190.14.77.219,2025-03-07 06:51:00,Success,Thailand
11,ahmed,147.123.76.146,2025-03-06 04:10:00,Failed,Pakistan
43,linda,239.49.185.57,2025-03-01 15:05:00,Success,Vietnam
6,linda,81.36.212.172,2025-03-07 16:08:00,Failed,Argentina
30,mary,149.245.112.186,2025-03-04 07:18:00,Success,Czech Republic
27,fatima,175.1.93.124,2025-03-07 20:33:00,Success,France
40,john,109.191.18.84,2025-03-07 14:06:00,Success,Pakistan
40,linda,173.214.149.135,2025-03-06 04:11:00,Failed,Pakistan
3,john,88.38.156.20,2025-03-02 11:48:00,Failed,Egypt
6,admin,67.54.171.63,2025-03-04 09:55:00,Success,Singapore
1,michael,226.143.237.119,2025-03-03 21:35:00,Success,South Africa
14,linda,209.24.202.76,2025-03-08 00:12:00,Success,United States
49,sarah,96.187.142.55,2025-03-01 15:44:00,Failed,Ukraine
28,john,92.72.164.41,2025-03-01 10:34:00,Failed,United Kingdom
4,fatima,32.48.99.80,2025-03-02 03:35:00,Success,Spain
32,david,144.237.134.85,2025-03-04 21:36:00,Failed,South Korea
42,linda,204.29.111.56,2025-03-04 15:15:00,Success,Ukraine
33,fatima,197.214.34.112,2025-03-05 21:13:00,Failed,New Zealand
49,fatima,241.203.194.172,2025-03-06 13:41:00,Success,France
41,alex,234.15.27.94,2025-03-07 12:44:00,Failed,Argentina
42,michael,86.242.242.112,2025-03-01 10:46:00,Success,Singapore
1,michael,223.156.37.167,2025-03-04 21:24:00,Failed,Spain
6,linda,145.70.81.240,2025-03-02 03:47:00,Success,Malaysia
43,john,235.25.223.91,2025-03-03 02:15:00,Failed,Chile
41,linda,206.45.81.13,2025-03-06 07:33:00,Failed,Norway
30,linda,160.21.28.220,2025-03-02 21:28:00,Success,Germany
16,admin,4.30.114.3,2025-03-01 15:48:00,Success,South Africa
37,admin,96.53.83.131,2025-03-02 13:11:00,Failed,Egypt
27,david,211.18.160.216,2025-03-08 06:04:00,Failed,Pakistan
4,michael,203.24.56.199,2025-03-06 09:13:00,Failed,South Korea
17,david,107.38.152.161,2025-03-04 14:36:00,Failed,Singapore
37,sarah,61.41.23.177,2025-03-04 04:54:00,Failed,Pakistan
18,ahmed,31.248.24.184,2025-03-02 05:14:00,Failed,Denmark
1,john,182.123.123.251,2025-03-08 03:09:00,Success,South Korea
24,fatima,134.86.200.213,2025-03-01 17:27:00,Success,UAE
4,mary,147.111.220.217,2025-03-04 18:26:00,Success,Norway
4,alex,37.166.124.198,2025-03-07 18:16:00,Success,Netherlands
11,fatima,42.181.223.130,2025-03-08 01:51:00,Failed,Philippines
48,sarah,83.150.130.17,2025-03-02 11:31:00,Failed,Czech Republic
19,sarah,131.92.187.4,2025-03-05 06:56:00,Failed,Pakistan
10,michael,83.207.236.10,2025-03-01 08:50:00,Failed,Colombia
4,fatima,69.80.81.184,2025-03-01 13:40:00,Success,United Kingdom
31,linda,200.219.102.76,2025-03-02 02:17:00,Success,Australia
13,alex,240.82.104.175,2025-03-07 20:43:00,Failed,Denmark
3,admin,250.1.181.16,2025-03-04 21:21:00,Success,Brazil
32,john,134.244.246.200,2025-03-07 02:17:00,Success,Netherlands
44,fatima,16.91.246.152,2025-03-05 05:02:00,Failed,Poland
29,michael,198.223.23.33,2025-03-04 07:10:00,Success,Colombia
41,michael,38.74.193.190,2025-03-04 02:01:00,Success,Canada
14,linda,215.135.205.253,2025-03-05 10:08:00,Failed,Greece
44,ahmed,16.101.67.8,2025-03-05 13:54:00,Success,Czech Republic
14,fatima,41.248.249.120,2025-03-06 00:21:00,Failed,Mexico
2,sarah,115.118.142.31,2025-03-06 21:15:00,Success,Japan
22,david,222.22.140.20,2025-03-03 23:05:00,Success,South Korea
16,michael,254.113.232.193,2025-03-02 07:52:00,Success,Chile
28,sarah,32.154.180.197,2025-03-05 15:10:00,Success,Thailand
23,ahmed,17.16.247.87,2025-03-03 19:32:00,Success,South Africa
45,mary,177.207.197.185,2025-03-06 22:46:00,Failed,Nigeria
18,fatima,116.188.131.218,2025-03-04 22:55:00,Failed,Japan
2,ahmed,42.68.241.40,2025-03-05 11:06:00,Success,Egypt
48,michael,148.85.167.38,2025-03-02 00:48:00,Success,United States
34,john,149.151.150.237,2025-03-03 23:46:00,Failed,Philippines
27,linda,107.47.200.156,2025-03-05 01:49:00,Success,Ukraine
13,sarah,232.177.193.91,2025-03-04 18:12:00,Failed,Turkey
17,linda,15.215.110.61,2025-03-05 19:50:00,Failed,South Korea
21,linda,187.189.16.149,2025-03-05 21:28:00,Failed,Brazil
3,fatima,87.99.129.240,2025-03-06 20:38:00,Failed,Spain
3,alex,164.97.36.11,2025-03-03 08:27:00,Success,Philippines
48,michael,177.47.116.218,2025-03-07 01:46:00,Failed,Saudi Arabia
20,michael,94.198.180.133,2025-03-05 06:46:00,Success,Canada
38,john,211.214.241.23,2025-03-07 09:12:00,Success,Spain
16,alex,70.58.247.127,2025-03-03 02:09:00,Failed,Vietnam
43,linda,118.209.130.191,2025-03-03 12:09:00,Success,Chile
37,sarah,231.99.158.75,2025-03-01 12:13:00,Success,Pakistan
46,michael,61.144.4.253,2025-03-03 17:45:00,Failed,Mexico
20,mary,111.231.164.150,2025-03-01 09:12:00,Failed,South Africa
23,john,246.183.109.158,2025-03-04 21:47:00,Failed,Egypt
49,david,178.137.225.152,2025-03-07 01:51:00,Success,Romania
41,mary,211.204.220.227,2025-03-04 20:46:00,Success,Netherlands
12,john,240.234.230.45,2025-03-04 06:09:00,Success,France
6,fatima,176.230.203.239,2025-03-02 06:43:00,Failed,Australia
23,sarah,31.77.1.98,2025-03-04 04:52:00,Success,Netherlands
12,mary,237.216.143.117,2025-03-02 08:47:00,Failed,Pakistan
46,david,243.220.86.77,2025-03-04 10:08:00,Failed,Egypt
27,linda,169.206.34.122,2025-03-06 15:14:00,Failed,Philippines
41,john,13.223.12.171,2025-03-03 02:11:00,Failed,Netherlands
34,ahmed,175.195.13.103,2025-03-01 12:06:00,Failed,United States
20,ahmed,114.40.115.104,2025-03-07 07:34:00,Failed,Philippines
4,michael,31.28.27.117,2025-03-07 17:17:00,Success,Ireland
8,john,6.139.5.129,2025-03-02 15:35:00,Success,Turkey
33,ahmed,41.141.234.76,2025-03-07 21:24:00,Failed,Japan
28,fatima,168.167.17.161,2025-03-03 20:58:00,Failed,India
47,admin,242.103.104.189,2025-03-04 12:02:00,Success,Spain
13,john,2.93.125.58,2025-03-02 05:24:00,Success,Sweden
9,michael,120.138.202.32,2025-03-05 13:32:00,Success,Egypt
39,john,211.64.130.191,2025-03-01 20:41:00,Success,Colombia
10,alex,139.94.92.212,2025-03-04 16:02:00,Success,Poland
20,fatima,156.252.132.30,2025-03-06 21:36:00,Failed,Germany
33,ahmed,229.80.62.14,2025-03-01 20:17:00,Success,Ireland
22,admin,53.66.19.162,2025-03-04 05:39:00,Failed,Canada
4,fatima,242.57.77.131,2025-03-04 06:45:00,Failed,Nigeria
50,david,229.46.157.43,2025-03-04 01:11:00,Failed,Italy
6,alex,82.208.246.211,2025-03-03 06:36:00,Failed,Philippines
47,alex,56.12.208.143,2025-03-07 00:42:00,Failed,Italy
2,michael,249.46.137.218,2025-03-03 08:08:00,Failed,Mexico
47,admin,223.200.117.98,2025-03-07 22:21:00,Failed,Bangladesh
4,linda,230.65.97.127,2025-03-06 22:05:00,Failed,Greece
32,fatima,69.4.77.170,2025-03-08 00:43:00,Failed,Norway
11,alex,74.72.243.158,2025-03-04 12:45:00,Failed,Romania
18,david,22.27.146.93,2025-03-04 13:59:00,Failed,Italy
37,fatima,228.145.152.210,2025-03-04 11:34:00,Failed,Czech Republic
37,ahmed,168.213.220.159,2025-03-02 00:38:00,Success,Italy
15,alex,137.186.194.214,2025-03-08 01:24:00,Success,New Zealand
10,linda,228.51.162.227,2025-03-03 07:07:00,Failed,Colombia
10,ahmed,252.199.62.181,2025-03-02 11:11:00,Failed,Pakistan
25,michael,82.198.123.30,2025-03-03 21:27:00,Failed,Denmark
1,john,26.118.80.32,2025-03-07 20:24:00,Failed,Pakistan
39,sarah,33.251.195.104,2025-03-06 02:30:00,Failed,New Zealand
48,david,19.118.102.93,2025-03-04 17:50:00,Success,Netherlands
25,ahmed,146.29.210.5,2025-03-04 19:22:00,Success,Italy
34,alex,233.151.233.150,2025-03-03 23:59:00,Failed,Turkey
28,david,15.226.179.10,2025-03-02 11:17:00,Failed,United States
5,michael,137.208.21.198,2025-03-04 22:45:00,Success,UAE
26,mary,213.94.213.174,2025-03-06 05:21:00,Success,Ireland
20,sarah,91.147.200.65,2025-03-06 01:07:00,Failed,Ireland
32,michael,15.85.96.198,2025-03-01 12:02:00,Failed,Nigeria
29,ahmed,86.250.149.224,2025-03-02 05:18:00,Failed,Denmark
17,sarah,108.206.172.177,2025-03-03 00:23:00,Failed,Romania
15,david,45.131.25.130,2025-03-05 02:53:00,Success,Turkey
47,sarah,90.125.53.248,2025-03-02 21:41:00,Success,Saudi Arabia
45,john,34.149.43.98,2025-03-04 06:19:00,Success,Saudi Arabia
45,mary,234.66.207.38,2025-03-06 02:02:00,Success,New Zealand
42,michael,186.2.131.119,2025-03-03 18:57:00,Success,Spain
28,admin,25.188.31.187,2025-03-05 18:11:00,Success,South Korea
7,ahmed,78.58.165.59,2025-03-05 18:07:00,Success,Turkey
41,mary,164.251.185.76,2025-03-04 20:43:00,Success,Malaysia
1,alex,193.172.83.247,2025-03-07 17:18:00,Success,Mexico
22,michael,98.73.9.85,2025-03-06 06:32:00,Failed,Saudi Arabia
11,david,86.170.10.218,2025-03-06 17:15:00,Failed,Bangladesh
30,john,28.241.233.104,2025-03-04 05:39:00,Success,New Zealand
30,mary,99.150.43.101,2025-03-08 06:30:00,Success,South Korea
5,ahmed,66.159.205.171,2025-03-05 23:20:00,Failed,Spain
13,david,101.185.239.104,2025-03-05 15:20:00,Success,Malaysia
45,alex,25.98.215.105,2025-03-04 19:40:00,Success,United States
13,linda,52.48.166.142,2025-03-05 05:58:00,Failed,Sweden
26,john,65.82.70.244,2025-03-06 07:30:00,Success,Ukraine
43,alex,156.203.131.122,2025-03-04 05:29:00,Success,Greece
13,admin,123.42.241.215,2025-03-04 10:14:00,Failed,South Africa
25,ahmed,233.160.3.78,2025-03-03 14:23:00,Success,Indonesia
24,john,48.128.217.79,2025-03-03 11:45:00,Failed,Saudi Arabia
45,michael,51.98.76.53,2025-03-06 09:49:00,Success,Ukraine
33,sarah,112.218.195.52,2025-03-07 10:20:00,Failed,United States
16,fatima,32.221.247.192,2025-03-01 16:46:00,Success,Bangladesh
9,mary,193.247.59.207,2025-03-05 07:02:00,Success,Greece
8,michael,82.192.16.195,2025-03-04 01:48:00,Success,Peru
11,linda,96.119.165.246,2025-03-07 21:01:00,Success,Nigeria
3,ahmed,240.18.187.244,2025-03-06 01:30:00,Failed,France
46,mary,136.219.49.127,2025-03-04 00:59:00,Success,Thailand
9,admin,131.146.199.147,2025-03-06 21:58:00,Success,France
16,alex,38.102.215.140,2025-03-06 18:59:00,Failed,UAE
10,sarah,235.23.160.166,2025-03-03 01:14:00,Failed,Ukraine
45,michael,5.51.7.94,2025-03-08 00:55:00,Success,Spain
40,john,117.21.205.185,2025-03-05 03:03:00,Failed,Saudi Arabia
8,sarah,102.15.81.182,2025-03-01 19:26:00,Failed,Vietnam
13,sarah,55.61.130.130,2025-03-01 19:16:00,Failed,Argentina
41,mary,4.125.152.141,2025-03-07 02:08:00,Success,Romania
46,linda,48.235.75.164,2025-03-04 23:13:00,Failed,Pakistan
10,alex,210.32.63.19,2025-03-04 08:15:00,Success,Germany
30,david,33.146.20.111,2025-03-04 08:28:00,Failed,India
46,linda,254.192.183.110,2025-03-03 01:07:00,Failed,United States
17,admin,247.232.89.25,2025-03-02 21:46:00,Success,Thailand
41,david,88.177.179.10,2025-03-05 23:36:00,Failed,UAE
11,fatima,1.120.175.36,2025-03-08 04:39:00,Failed,Vietnam
8,john,195.171.238.239,2025-03-05 17:39:00,Failed,Malaysia
29,ahmed,165.129.77.81,2025-03-06 22:46:00,Failed,United Kingdom
27,mary,64.162.164.159,2025-03-07 08:47:00,Success,Norway
50,michael,134.11.109.216,2025-03-07 07:08:00,Failed,Mexico
36,admin,141.58.228.230,2025-03-07 12:59:00,Failed,Sweden
10,john,73.231.107.205,2025-03-05 18:10:00,Failed,Ireland
18,admin,23.69.209.26,2025-03-04 18:29:00,Failed,Nigeria
1,linda,26.184.86.215,2025-03-05 20:37:00,Failed,Chile
45,john,80.86.130.59,2025-03-04 13:35:00,Failed,Bangladesh
4,alex,85.25.235.14,2025-03-08 00:50:00,Failed,Bangladesh
28,mary,186.195.228.51,2025-03-04 02:36:00,Success,Nigeria
27,michael,51.118.3.123,2025-03-01 22:06:00,Success,Nigeria
18,ahmed,195.160.31.60,2025-03-01 11:13:00,Failed,Pakistan
50,admin,62.61.193.125,2025-03-02 09:35:00,Failed,Greece
40,sarah,82.134.70.109,2025-03-05 23:38:00,Failed,Ireland
4,linda,223.135.30.72,2025-03-06 07:16:00,Failed,Nigeria
21,admin,180.18.215.231,2025-03-02 03:47:00,Success,Brazil
29,admin,66.174.244.130,2025-03-06 20:23:00,Failed,Turkey
4,linda,73.73.224.92,2025-03-02 04:14:00,Failed,UAE
24,ahmed,133.244.145.91,2025-03-04 15:12:00,Success,Ireland
31,david,252.241.203.97,2025-03-03 22:43:00,Failed,Chile
38,admin,60.2.173.128,2025-03-02 05:59:00,Failed,Germany
16,linda,25.193.159.133,2025-03-02 00:47:00,Success,Bangladesh
22,ahmed,149.254.49.25,2025-03-03 23:04:00,Success,Thailand
1,mary,113.86.17.100,2025-03-04 08:15:00,Failed,Spain
30,sarah,107.243.191.62,2025-03-07 22:43:00,Success,Saudi Arabia
6,mary,205.7.208.30,2025-03-04 15:03:00,Failed,Peru
37,admin,218.65.120.235,2025-03-08 02:35:00,Failed,UAE
9,alex,121.206.72.93,2025-03-07 11:34:00,Failed,Nigeria
46,michael,219.164.86.77,2025-03-08 05:13:00,Failed,Nigeria
25,fatima,125.91.239.40,2025-03-02 15:02:00,Failed,Peru
18,fatima,61.34.189.72,2025-03-07 20:13:00,Failed,Argentina
26,ahmed,59.149.133.249,2025-03-08 06:16:00,Failed,Pakistan
1,admin,88.135.198.249,2025-03-02 11:47:00,Failed,Netherlands
19,michael,92.29.16.240,2025-03-07 07:25:00,Success,Philippines
14,john,92.114.174.223,2025-03-04 12:24:00,Success,Italy
34,sarah,145.188.97.81,2025-03-04 07:01:00,Failed,Denmark
19,admin,116.20.196.114,2025-03-03 21:04:00,Failed,South Korea
24,michael,6.196.66.149,2025-03-01 18:26:00,Failed,Philippines
48,admin,163.21.116.204,2025-03-03 10:27:00,Failed,Malaysia
1,michael,3.143.117.13,2025-03-06 01:48:00,Success,Netherlands
5,mary,126.8.141.186,2025-03-07 20:41:00,Failed,Vietnam
8,mary,112.172.202.52,2025-03-02 23:14:00,Success,Ukraine
22,linda,227.167.22.223,2025-03-04 00:46:00,Failed,Bangladesh
8,alex,216.172.78.253,2025-03-03 15:11:00,Failed,Netherlands
43,john,217.54.216.151,2025-03-03 22:43:00,Success,Italy
20,fatima,223.221.64.158,2025-03-05 22:09:00,Success,Italy
37,linda,116.163.5.29,2025-03-07 09:22:00,Failed,Australia
2,ahmed,168.250.200.42,2025-03-08 06:26:00,Success,Bangladesh
24,john,139.81.223.102,2025-03-08 01:04:00,Failed,UAE
43,david,250.229.68.66,2025-03-07 19:31:00,Failed,Egypt
1,sarah,149.193.179.111,2025-03-07 07:23:00,Failed,Poland
35,alex,122.169.63.191,2025-03-02 11:16:00,Failed,New Zealand
30,sarah,168.51.98.201,2025-03-04 04:41:00,Failed,Pakistan
10,michael,238.124.18.189,2025-03-02 10:11:00,Success,Egypt
45,mary,68.187.133.62,2025-03-08 00:43:00,Success,UAE
48,sarah,63.120.224.53,2025-03-07 19:05:00,Success,Bangladesh
2,admin,108.75.201.54,2025-03-04 18:14:00,Failed,Pakistan
8,mary,129.120.113.86,2025-03-03 23:52:00,Failed,Greece
39,linda,229.68.217.147,2025-03-06 17:56:00,Success,Greece
31,alex,89.145.108.136,2025-03-05 11:09:00,Failed,Canada
18,linda,86.244.87.55,2025-03-02 23:00:00,Success,Romania
17,fatima,52.74.3.179,2025-03-02 07:31:00,Failed,France
21,fatima,76.46.54.39,2025-03-06 01:46:00,Success,India
36,linda,201.204.79.67,2025-03-02 03:13:00,Failed,Romania
15,ahmed,238.241.46.36,2025-03-01 15:19:00,Failed,India
11,david,126.112.151.190,2025-03-02 22:51:00,Success,Malaysia
33,fatima,22.253.252.76,2025-03-03 12:28:00,Failed,Sweden
27,fatima,199.64.123.2,2025-03-04 03:28:00,Failed,Norway
22,alex,146.31.213.5,2025-03-06 15:17:00,Success,Egypt
43,david,94.136.10.129,2025-03-06 01:28:00,Success,Australia
18,ahmed,121.130.28.211,2025-03-05 14:34:00,Success,Romania
11,david,35.99.133.54,2025-03-02 12:26:00,Success,Malaysia
19,ahmed,103.180.125.128,2025-03-01 11:05:00,Failed,France
49,john,2.101.160.152,2025-03-03 21:29:00,Success,Czech Republic
40,david,245.133.197.46,2025-03-05 22:42:00,Failed,France
17,admin,183.45.177.224,2025-03-06 18:32:00,Success,Norway
25,ahmed,77.178.163.214,2025-03-05 14:50:00,Failed,United States
50,mary,7.161.1.212,2025-03-04 14:22:00,Failed,Greece
29,mary,95.158.164.28,2025-03-07 07:43:00,Success,United States
50,fatima,222.205.212.132,2025-03-06 20:48:00,Success,Greece
8,linda,219.238.164.244,2025-03-01 19:30:00,Failed,Spain
34,alex,104.60.6.175,2025-03-03 14:45:00,Success,Greece
42,ahmed,227.20.213.136,2025-03-02 16:01:00,Success,Spain
29,fatima,219.165.164.233,2025-03-05 13:01:00,Success,Netherlands
48,ahmed,178.62.218.33,2025-03-03 00:49:00,Success,Indonesia
36,john,127.122.51.135,2025-03-04 13:08:00,Success,New Zealand
29,john,97.31.51.74,2025-03-03 03:34:00,Success,Singapore
22,sarah,186.20.3.213,2025-03-04 09:05:00,Success,Sweden
40,admin,126.224.231.146,2025-03-02 01:47:00,Success,Greece
37,linda,183.237.164.133,2025-03-07 13:45:00,Failed,Thailand
35,david,23.158.230.196,2025-03-03 15:58:00,Success,Singapore
16,david,214.197.8.198,2025-03-01 21:03:00,Success,Thailand
21,mary,154.29.101.170,2025-03-05 21:12:00,Failed,Spain
27,sarah,96.219.201.2,2025-03-04 02:22:00,Failed,Egypt
46,john,22.67.147.61,2025-03-06 22:16:00,Success,Nigeria
46,alex,111.77.143.69,2025-03-01 20:53:00,Success,Ukraine
45,alex,38.187.25.132,2025-03-07 06:41:00,Failed,Argentina
21,david,102.122.193.11,2025-03-01 14:32:00,Success,Philippines
10,linda,250.199.236.29,2025-03-03 11:03:00,Success,France
1,fatima,73.152.197.99,2025-03-04 12:49:00,Failed,Pakistan
28,fatima,58.40.25.206,2025-03-03 18:30:00,Failed,Czech Republic
30,alex,165.186.155.62,2025-03-02 11:22:00,Success,India
9,michael,26.249.55.176,2025-03-04 09:45:00,Failed,Germany
24,david,2.127.22.192,2025-03-03 22:27:00,Failed,Poland
47,linda,204.119.234.93,2025-03-07 00:10:00,Failed,Peru
33,linda,85.228.58.218,2025-03-02 22:30:00,Failed,Philippines
24,alex,253.51.38.136,2025-03-03 22:29:00,Success,Australia
49,michael,158.76.62.134,2025-03-04 17:13:00,Success,Nigeria
44,fatima,49.52.217.66,2025-03-01 10:31:00,Failed,Ukraine
5,michael,26.61.207.149,2025-03-07 18:04:00,Failed,Czech Republic
12,sarah,233.235.56.170,2025-03-07 21:53:00,Failed,Poland
23,mary,36.9.57.54,2025-03-03 02:19:00,Failed,Thailand
27,mary,201.204.67.99,2025-03-05 10:15:00,Failed,Turkey
5,fatima,4.61.153.140,2025-03-02 17:13:00,Failed,Egypt
26,david,35.207.38.48,2025-03-06 10:02:00,Success,Saudi Arabia
47,michael,75.181.215.193,2025-03-05 09:04:00,Success,France
47,david,31.144.88.200,2025-03-05 20:06:00,Failed,Singapore
28,alex,54.84.163.241,2025-03-04 12:33:00,Success,Portugal
11,john,184.109.198.186,2025-03-07 13:49:00,Failed,Argentina
15,michael,50.243.178.167,2025-03-03 04:09:00,Failed,Norway
13,david,190.128.126.217,2025-03-07 16:01:00,Failed,France
36,sarah,39.253.51.46,2025-03-02 19:04:00,Failed,Portugal
25,john,250.195.91.239,2025-03-06 18:04:00,Failed,India
2,sarah,72.66.250.94,2025-03-07 17:01:00,Failed,Sweden
10,sarah,40.116.72.61,2025-03-04 17:23:00,Failed,Peru
7,linda,237.10.246.85,2025-03-06 16:15:00,Failed,Japan
19,john,168.136.67.54,2025-03-06 16:08:00,Failed,Ukraine
2,alex,162.183.27.24,2025-03-07 16:46:00,Success,Sweden
15,alex,11.237.186.238,2025-03-02 14:47:00,Success,Thailand
6,john,1.123.182.221,2025-03-05 22:59:00,Failed,Philippines
14,fatima,130.90.176.153,2025-03-06 23:12:00,Success,Japan
43,fatima,212.62.200.35,2025-03-05 04:52:00,Failed,Japan
8,fatima,205.43.222.89,2025-03-02 23:48:00,Success,Pakistan
23,mary,221.36.88.38,2025-03-07 19:49:00,Failed,Philippines
2,alex,166.152.170.123,2025-03-04 23:13:00,Failed,Germany
23,sarah,15.15.19.181,2025-03-05 17:34:00,Success,Egypt
43,linda,146.212.79.144,2025-03-06 22:21:00,Failed,United States
44,admin,80.38.170.101,2025-03-06 08:41:00,Success,Turkey
42,mary,220.130.15.159,2025-03-04 14:04:00,Success,Romania
34,linda,186.13.34.4,2025-03-08 03:46:00,Success,UAE
4,michael,236.16.76.112,2025-03-04 10:18:00,Success,Romania
25,admin,101.184.237.100,2025-03-07 03:16:00,Failed,United Kingdom
7,linda,76.97.118.124,2025-03-05 15:20:00,Failed,France
11,mary,254.52.30.111,2025-03-07 03:45:00,Failed,France
29,alex,234.72.124.194,2025-03-03 14:04:00,Success,Bangladesh
6,sarah,59.65.60.206,2025-03-02 03:56:00,Failed,Sweden
16,fatima,16.43.135.39,2025-03-03 00:17:00,Success,Sweden
39,alex,33.134.85.251,2025-03-02 12:56:00,Failed,Vietnam
27,mary,128.136.171.109,2025-03-02 17:42:00,Success,United Kingdom
24,mary,165.83.158.35,2025-03-02 10:19:00,Failed,Chile
46,john,6.75.171.104,2025-03-01 13:02:00,Failed,Romania
45,linda,60.238.181.139,2025-03-07 02:46:00,Failed,Canada
12,john,105.251.61.4,2025-03-06 02:37:00,Failed,Saudi Arabia
35,mary,77.137.116.38,2025-03-05 06:57:00,Success,Greece
24,john,247.153.196.183,2025-03-03 17:57:00,Failed,Thailand
6,fatima,145.57.129.106,2025-03-06 22:05:00,Failed,Czech Republic
26,alex,203.109.45.216,2025-03-06 13:19:00,Success,Netherlands
25,ahmed,203.227.122.82,2025-03-05 00:31:00,Failed,Philippines
17,admin,64.254.52.73,2025-03-04 12:46:00,Failed,Vietnam
20,linda,198.133.139.157,2025-03-04 14:28:00,Failed,Netherlands
39,linda,44.87.128.77,2025-03-01 18:45:00,Success,United Kingdom
49,sarah,102.157.28.207,2025-03-01 23:26:00,Failed,UAE
24,sarah,237.77.26.218,2025-03-02 13:37:00,Failed,Philippines
4,linda,64.117.126.164,2025-03-07 15:46:00,Success,Argentina
22,mary,219.251.95.243,2025-03-07 10:26:00,Failed,South Korea
10,michael,46.94.215.233,2025-03-05 11:59:00,Failed,United Kingdom
45,michael,247.227.248.104,2025-03-06 19:28:00,Failed,Thailand
15,linda,248.89.64.81,2025-03-05 02:12:00,Failed,Ukraine
49,admin,58.168.49.149,2025-03-01 19:53:00,Failed,Bangladesh
19,john,207.34.49.36,2025-03-05 00:59:00,Success,Norway
25,admin,37.238.116.56,2025-03-05 19:25:00,Success,New Zealand
10,mary,217.191.96.93,2025-03-03 10:01:00,Failed,South Korea
9,fatima,177.54.220.216,2025-03-02 20:47:00,Success,Peru
43,sarah,189.61.152.98,2025-03-06 03:04:00,Failed,Brazil
39,alex,199.100.84.11,2025-03-01 09:11:00,Success,Ukraine
50,john,53.249.234.59,2025-03-06 11:31:00,Failed,Czech Republic
13,fatima,223.235.4.146,2025-03-04 09:41:00,Success,Japan
34,fatima,126.220.208.75,2025-03-04 16:53:00,Success,Germany
38,ahmed,186.215.38.165,2025-03-07 18:26:00,Failed,Singapore
50,mary,7.230.205.93,2025-03-07 12:18:00,Failed,Spain
33,alex,54.161.90.122,2025-03-04 16:20:00,Success,Turkey
47,david,148.172.62.36,2025-03-01 12:47:00,Failed,Pakistan
46,michael,227.109.3.214,2025-03-04 02:53:00,Success,Greece
41,ahmed,10.4.6.42,2025-03-05 17:49:00,Failed,Argentina
20,fatima,191.72.60.51,2025-03-05 20:25:00,Failed,Indonesia
9,ahmed,166.210.213.35,2025-03-07 10:58:00,Failed,Malaysia
36,fatima,248.57.184.71,2025-03-02 04:26:00,Success,Egypt
39,david,67.204.43.157,2025-03-07 16:05:00,Success,Ukraine
25,john,60.107.103.151,2025-03-05 08:22:00,Success,Denmark
49,alex,48.136.138.93,2025-03-04 00:21:00,Failed,Vietnam
43,michael,76.157.152.117,2025-03-06 10:10:00,Failed,Brazil
19,fatima,125.73.232.244,2025-03-05 08:42:00,Success,Ukraine
15,alex,99.170.112.101,2025-03-03 20:39:00,Success,Canada
13,ahmed,170.103.176.207,2025-03-02 19:46:00,Failed,Portugal
5,david,211.197.140.37,2025-03-01 21:35:00,Success,Pakistan
42,michael,113.173.10.248,2025-03-06 00:35:00,Failed,Brazil
18,alex,159.54.219.206,2025-03-05 07:33:00,Success,Japan
25,david,210.154.157.182,2025-03-08 06:13:00,Success,Portugal
42,ahmed,180.41.184.52,2025-03-01 15:53:00,Success,Malaysia
35,sarah,92.169.81.14,2025-03-06 11:03:00,Success,Indonesia
32,john,10.149.144.225,2025-03-03 05:12:00,Success,Egypt
32,david,141.235.28.129,2025-03-03 10:51:00,Success,Italy
14,alex,5.108.240.61,2025-03-04 16:58:00,Failed,India
29,michael,129.84.7.178,2025-03-04 03:27:00,Failed,Canada
40,mary,211.80.33.220,2025-03-05 10:35:00,Success,United States
8,alex,91.226.29.238,2025-03-06 03:35:00,Success,Singapore
37,admin,175.27.115.183,2025-03-03 21:07:00,Success,Colombia
18,ahmed,4.139.23.151,2025-03-02 12:05:00,Failed,Philippines
49,linda,227.81.34.26,2025-03-08 01:36:00,Failed,Greece
1,david,249.159.156.86,2025-03-06 00:54:00,Success,France
19,david,17.176.219.101,2025-03-02 11:06:00,Failed,Norway
14,linda,90.92.106.123,2025-03-02 17:30:00,Success,Vietnam
17,john,63.202.30.119,2025-03-02 08:09:00,Failed,United Kingdom
47,david,50.20.32.194,2025-03-03 20:56:00,Success,Spain
37,david,251.122.114.30,2025-03-05 11:43:00,Failed,Bangladesh
21,fatima,21.165.184.138,2025-03-08 03:35:00,Failed,Germany
15,michael,137.104.83.155,2025-03-04 11:03:00,Failed,Philippines
18,fatima,169.202.71.103,2025-03-05 21:36:00,Failed,Vietnam
32,mary,190.124.205.152,2025-03-05 20:40:00,Success,Indonesia
33,ahmed,52.34.87.64,2025-03-01 22:30:00,Failed,Colombia
3,david,217.193.158.18,2025-03-02 00:09:00,Failed,Nigeria
19,fatima,154.152.10.95,2025-03-03 01:33:00,Success,Singapore
15,admin,212.92.96.144,2025-03-08 00:33:00,Success,Netherlands
39,john,37.35.5.81,2025-03-05 00:28:00,Failed,France
45,michael,252.111.139.207,2025-03-08 04:17:00,Success,Ukraine
43,ahmed,181.158.5.54,2025-03-03 06:51:00,Failed,Germany
46,alex,14.27.99.212,2025-03-03 21:38:00,Success,Thailand
45,ahmed,129.3.232.2,2025-03-06 13:06:00,Failed,United Kingdom
45,sarah,72.139.101.151,2025-03-06 02:44:00,Failed,Vietnam
9,david,139.205.211.116,2025-03-02 00:34:00,Failed,Italy
38,michael,31.250.203.155,2025-03-03 11:12:00,Success,Netherlands
50,john,77.114.144.225,2025-03-03 20:34:00,Success,Philippines
15,linda,40.64.102.11,2025-03-03 20:22:00,Success,Indonesia
44,john,146.28.61.87,2025-03-05 06:39:00,Failed,Italy
7,ahmed,43.239.168.123,2025-03-03 12:04:00,Failed,Romania
10,ahmed,43.15.243.248,2025-03-01 13:18:00,Failed,Pakistan
5,john,218.26.144.20,2025-03-02 06:21:00,Failed,Poland
16,david,117.197.245.25,2025-03-06 18:46:00,Success,Malaysia
25,alex,122.187.51.186,2025-03-07 16:46:00,Failed,Czech Republic
2,admin,47.125.149.224,2025-03-05 23:08:00,Failed,United Kingdom
43,linda,248.45.245.244,2025-03-01 18:35:00,Success,Egypt
39,admin,184.194.220.74,2025-03-02 22:31:00,Success,Poland
35,david,136.133.201.12,2025-03-07 08:23:00,Success,UAE
22,sarah,138.115.212.147,2025-03-04 01:43:00,Failed,Australia
10,mary,224.120.208.78,2025-03-03 16:39:00,Success,Japan
43,mary,133.125.53.122,2025-03-03 02:54:00,Success,Poland
6,sarah,235.1.138.142,2025-03-08 00:07:00,Failed,Philippines
30,michael,55.9.159.151,2025-03-07 01:33:00,Failed,South Africa
33,linda,120.54.60.29,2025-03-04 11:17:00,Failed,United Kingdom
22,alex,72.119.147.118,2025-03-04 04:29:00,Failed,France
7,admin,8.233.99.38,2025-03-03 16:30:00,Success,Germany
32,linda,199.80.230.132,2025-03-03 09:09:00,Failed,Egypt
44,david,151.148.33.11,2025-03-05 00:13:00,Success,Colombia
11,admin,37.231.29.72,2025-03-02 04:38:00,Success,Egypt
30,sarah,163.157.182.222,2025-03-01 13:27:00,Failed,Poland
21,john,29.101.174.107,2025-03-07 22:37:00,Success,Philippines
5,admin,8.112.88.129,2025-03-05 12:46:00,Failed,Denmark
10,sarah,164.233.11.50,2025-03-06 01:00:00,Success,United Kingdom
38,david,196.143.129.67,2025-03-07 03:00:00,Success,Portugal
48,admin,68.41.15.158,2025-03-06 11:49:00,Success,Ukraine
25,fatima,105.217.13.104,2025-03-05 04:49:00,Success,UAE
7,alex,157.212.218.206,2025-03-08 05:44:00,Failed,Singapore
7,ahmed,228.54.191.10,2025-03-03 18:08:00,Failed,South Africa
12,alex,88.226.137.86,2025-03-02 12:41:00,Failed,Ukraine
17,alex,206.163.175.109,2025-03-02 10:17:00,Failed,United States
14,alex,1.74.248.103,2025-03-03 17:21:00,Success,New Zealand
23,mary,31.129.246.66,2025-03-03 20:30:00,Success,Argentina
2,linda,214.118.231.216,2025-03-05 17:07:00,Failed,Ireland
27,linda,232.73.92.85,2025-03-07 15:33:00,Failed,Greece
2,sarah,1.181.121.86,2025-03-04 09:33:00,Success,Sweden
39,mary,233.168.26.70,2025-03-05 19:46:00,Success,India
13,david,35.58.61.149,2025-03-08 02:25:00,Failed,Australia
47,linda,15.85.191.27,2025-03-03 22:47:00,Failed,Romania
7,fatima,28.131.106.240,2025-03-01 18:19:00,Success,Japan
999,admin,185.234.72.11,2025-03-09 16:00:00,Failed,Unknown
999,admin,185.234.72.11,2025-03-09 16:01:00,Failed,Unknown
999,admin,185.234.72.11,2025-03-09 16:02:00,Failed,Unknown
999,admin,185.234.72.11,2025-03-09 16:03:00,Failed,Unknown
999,admin,185.234.72.11,2025-03-09 16:04:00,Failed,Unknown
999,admin,185.234.72.11,2025-03-09 16:05:00,Success,Unknown
